{
  "token_acc": 0.9998840378,
  "tag_acc": 0.9816779465,
  "pos_acc": 0.9768995107,
  "morph_acc": 0.8964826455,
  "lemma_acc": 0.8696838226,
  "dep_uas": 0.8923666783,
  "dep_las": 0.8182055795,
  "sents_p": 0.9581247155,
  "sents_r": 0.9503386005,
  "sents_f": 0.9542157752,
  "speed": 6721.6854895746,
  "morph_per_feat": {
    "Case": {
      "p": 0.919310389,
      "r": 0.9188981422,
      "f": 0.9191042194
    },
    "Gender": {
      "p": 0.9299695265,
      "r": 0.9299695265,
      "f": 0.9299695265
    },
    "Number": {
      "p": 0.9745095982,
      "r": 0.9733864208,
      "f": 0.9739476857
    },
    "AdpType": {
      "p": 0.9991997866,
      "r": 0.9984008529,
      "f": 0.99880016
    },
    "Variant": {
      "p": 0.9955914769,
      "r": 0.9963235294,
      "f": 0.9959573686
    },
    "Animacy": {
      "p": 0.8801382104,
      "r": 0.8821351803,
      "f": 0.8811355639
    },
    "Degree": {
      "p": 0.9333333333,
      "r": 0.9451817657,
      "f": 0.9392201835
    },
    "Aspect": {
      "p": 0.9154459485,
      "r": 0.9065369078,
      "f": 0.9109696466
    },
    "Mood": {
      "p": 0.9853176722,
      "r": 0.9840042655,
      "f": 0.9846605309
    },
    "Person": {
      "p": 0.9834794336,
      "r": 0.9791876469,
      "f": 0.9813288478
    },
    "Tense": {
      "p": 0.9683742812,
      "r": 0.9688807531,
      "f": 0.968627451
    },
    "VerbForm": {
      "p": 0.9676540069,
      "r": 0.9580784455,
      "f": 0.9628424193
    },
    "Voice": {
      "p": 0.9764633647,
      "r": 0.9671599432,
      "f": 0.9717893879
    },
    "PunctType": {
      "p": 0.9982590529,
      "r": 0.9975643702,
      "f": 0.9979115907
    },
    "NumForm": {
      "p": 0.9695740365,
      "r": 0.9695740365,
      "f": 0.9695740365
    },
    "PrepCase": {
      "p": 0.9876847291,
      "r": 0.9616306954,
      "f": 0.9744835966
    },
    "PronType": {
      "p": 0.9718011984,
      "r": 0.9626396648,
      "f": 0.9671987371
    },
    "Reflex": {
      "p": 0.9958960328,
      "r": 1.0,
      "f": 0.9979437971
    },
    "NumType": {
      "p": 0.9002557545,
      "r": 0.8648648649,
      "f": 0.8822055138
    },
    "Polarity": {
      "p": 0.9062947067,
      "r": 0.871389271,
      "f": 0.8884992987
    },
    "Hyph": {
      "p": 0.9696969697,
      "r": 0.9696969697,
      "f": 0.9696969697
    },
    "VerbType": {
      "p": 0.9536423841,
      "r": 0.9350649351,
      "f": 0.9442622951
    },
    "ConjType": {
      "p": 0.9358974359,
      "r": 0.9668874172,
      "f": 0.9511400651
    },
    "Clitic": {
      "p": 0.9710144928,
      "r": 0.9901477833,
      "f": 0.9804878049
    },
    "Poss": {
      "p": 1.0,
      "r": 0.9883040936,
      "f": 0.9941176471
    },
    "Number[psor]": {
      "p": 1.0,
      "r": 0.9509803922,
      "f": 0.9748743719
    },
    "PartType": {
      "p": 0.9193548387,
      "r": 0.8507462687,
      "f": 0.8837209302
    },
    "Abbr": {
      "p": 0.9178743961,
      "r": 0.931372549,
      "f": 0.9245742092
    },
    "Pun": {
      "p": 0.9069767442,
      "r": 0.9069767442,
      "f": 0.9069767442
    },
    "PunctSide": {
      "p": 1.0,
      "r": 0.9625,
      "f": 0.9808917197
    },
    "Foreign": {
      "p": 0.5,
      "r": 0.75,
      "f": 0.6
    },
    "Emphatic": {
      "p": 1.0,
      "r": 0.5,
      "f": 0.6666666667
    },
    "NounForm": {
      "p": 0.0,
      "r": 0.0,
      "f": 0.0
    }
  },
  "dep_las_per_type": {
    "nsubj": {
      "p": 0.8454810496,
      "r": 0.8613861386,
      "f": 0.8533594899
    },
    "case": {
      "p": 0.9696804152,
      "r": 0.9734027968,
      "f": 0.9715380405
    },
    "amod": {
      "p": 0.8963225521,
      "r": 0.9075818753,
      "f": 0.9019170753
    },
    "nmod": {
      "p": 0.5766646304,
      "r": 0.5856079404,
      "f": 0.5811018775
    },
    "cc": {
      "p": 0.8756027001,
      "r": 0.8841285297,
      "f": 0.8798449612
    },
    "conj": {
      "p": 0.6672944131,
      "r": 0.6902597403,
      "f": 0.678582828
    },
    "root": {
      "p": 0.9372442019,
      "r": 0.9304740406,
      "f": 0.9338468509
    },
    "obl": {
      "p": 0.7145232816,
      "r": 0.7051422319,
      "f": 0.7098017621
    },
    "obl:arg": {
      "p": 0.656019656,
      "r": 0.6274970623,
      "f": 0.6414414414
    },
    "nummod": {
      "p": 0.8333333333,
      "r": 0.8571428571,
      "f": 0.8450704225
    },
    "obj": {
      "p": 0.8292838875,
      "r": 0.8488219895,
      "f": 0.8389391979
    },
    "advcl": {
      "p": 0.716374269,
      "r": 0.7080924855,
      "f": 0.7122093023
    },
    "iobj": {
      "p": 0.7868020305,
      "r": 0.7231726283,
      "f": 0.7536466775
    },
    "det:numgov": {
      "p": 1.0,
      "r": 0.8793103448,
      "f": 0.9357798165
    },
    "acl": {
      "p": 0.7531914894,
      "r": 0.7195121951,
      "f": 0.735966736
    },
    "fixed": {
      "p": 0.8641618497,
      "r": 0.7786458333,
      "f": 0.8191780822
    },
    "nummod:gov": {
      "p": 0.8198198198,
      "r": 0.8425925926,
      "f": 0.8310502283
    },
    "obl:agent": {
      "p": 0.8666666667,
      "r": 0.8524590164,
      "f": 0.8595041322
    },
    "expl:pv": {
      "p": 0.9849749583,
      "r": 0.9833333333,
      "f": 0.9841534612
    },
    "nmod:arg": {
      "p": 0.6114101184,
      "r": 0.6521239954,
      "f": 0.6311111111
    },
    "advmod": {
      "p": 0.8289473684,
      "r": 0.84375,
      "f": 0.8362831858
    },
    "acl:relcl": {
      "p": 0.7301038062,
      "r": 0.7275862069,
      "f": 0.7288428325
    },
    "advmod:emph": {
      "p": 0.7305263158,
      "r": 0.7199170124,
      "f": 0.7251828631
    },
    "mark": {
      "p": 0.8939179632,
      "r": 0.8964539007,
      "f": 0.895184136
    },
    "ccomp:obj": {
      "p": 0.6195652174,
      "r": 0.6333333333,
      "f": 0.6263736264
    },
    "dep": {
      "p": 0.0,
      "r": 0.0,
      "f": 0.0
    },
    "xcomp": {
      "p": 0.914221219,
      "r": 0.9121621622,
      "f": 0.9131905299
    },
    "advmod:neg": {
      "p": 0.9615384615,
      "r": 0.9668508287,
      "f": 0.9641873278
    },
    "det": {
      "p": 0.9270072993,
      "r": 0.9136690647,
      "f": 0.9202898551
    },
    "cop": {
      "p": 0.8630136986,
      "r": 0.8513513514,
      "f": 0.8571428571
    },
    "nsubj:pass": {
      "p": 0.8113207547,
      "r": 0.7889908257,
      "f": 0.8
    },
    "aux:pass": {
      "p": 0.9090909091,
      "r": 0.9027777778,
      "f": 0.9059233449
    },
    "aux:imp": {
      "p": 1.0,
      "r": 1.0,
      "f": 1.0
    },
    "advcl:cmpr": {
      "p": 0.25,
      "r": 0.1875,
      "f": 0.2142857143
    },
    "ccomp": {
      "p": 0.6476190476,
      "r": 0.6355140187,
      "f": 0.641509434
    },
    "obl:cmpr": {
      "p": 0.7368421053,
      "r": 0.6292134831,
      "f": 0.6787878788
    },
    "nmod:poss": {
      "p": 0.5,
      "r": 0.1666666667,
      "f": 0.25
    },
    "parataxis:insert": {
      "p": 0.608974359,
      "r": 0.4679802956,
      "f": 0.5292479109
    },
    "det:poss": {
      "p": 0.994047619,
      "r": 0.9709302326,
      "f": 0.9823529412
    },
    "aux": {
      "p": 0.8363636364,
      "r": 0.8440366972,
      "f": 0.8401826484
    },
    "cc:preconj": {
      "p": 0.6666666667,
      "r": 0.6153846154,
      "f": 0.64
    },
    "appos": {
      "p": 0.6170212766,
      "r": 0.6066945607,
      "f": 0.611814346
    },
    "vocative": {
      "p": 0.5833333333,
      "r": 0.5,
      "f": 0.5384615385
    },
    "flat": {
      "p": 0.8691275168,
      "r": 0.8993055556,
      "f": 0.8839590444
    },
    "xcomp:pred": {
      "p": 0.6923076923,
      "r": 0.6585365854,
      "f": 0.675
    },
    "det:nummod": {
      "p": 0.8461538462,
      "r": 1.0,
      "f": 0.9166666667
    },
    "parataxis:obj": {
      "p": 0.7401960784,
      "r": 0.7823834197,
      "f": 0.7607052897
    },
    "aux:cnd": {
      "p": 1.0,
      "r": 0.625,
      "f": 0.7692307692
    },